Workbook
Name NativeTimeline_OrderDate: #N/A
Name NativeTimeline_OrderDate1: #N/A
Name Slicer_Cuisine: #N/A
Name Slicer_Zone: #N/A

Sheet Task1 Orders
A1: OrderID | B1: CustomerName | C1: Cuisine | D1: OrderDate | E1: DeliveryTime (minutes) | F1: Rating | G1: Revenue (Rs) | H1: Status | J1: Status | K1: Revenue (Rs) | L1: Rating
A2: O1001 | B2: Riya Sharma | C2: Indian | D2: 46266 | E2: 28 | F2: 5 | G2: 650 | H2: Delivered | J2: Delivered | K2: >500 | L2: >=4
A3: O1002 | B3: Aman Patel | C3: Chinese | D3: 46266 | E3: 42 | F3: 4 | G3: 480 | H3: Delivered
A4: O1003 | B4: Neha Singh | C4: Italian | D4: 46267 | E4: 55 | F4: 3 | G4: 720 | H4: Delayed | J4: OrderID | K4: CustomerName | L4: Cuisine | M4: OrderDate | N4: DeliveryTime (minutes) | O4: Rating | P4: Revenue (Rs) | Q4: Status
A5: O1004 | B5: Rahul Mehta | C5: Mexican | D5: 46267 | E5: 25 | F5: 5 | G5: 850 | H5: Delivered | J5: O1001 | K5: Riya Sharma | L5: Indian | M5: 46266 | N5: 28 | O5: 5 | P5: 650 | Q5: Delivered
A6: O1005 | B6: Priya Shah | C6: Fast Food | D6: 46268 | E6: 38 | F6: 4 | G6: 550 | H6: Delivered | J6: O1004 | K6: Rahul Mehta | L6: Mexican | M6: 46267 | N6: 25 | O6: 5 | P6: 850 | Q6: Delivered
A7: O1006 | B7: Arjun Verma | C7: Indian | D7: 46268 | E7: 65 | F7: 2 | G7: 430 | H7: Delayed | J7: O1005 | K7: Priya Shah | L7: Fast Food | M7: 46268 | N7: 38 | O7: 4 | P7: 550 | Q7: Delivered
A8: O1007 | B8: Anjali Patel | C8: Chinese | D8: 46269 | E8: 22 | F8: 5 | G8: 920 | H8: Delivered | J8: O1007 | K8: Anjali Patel | L8: Chinese | M8: 46269 | N8: 22 | O8: 5 | P8: 920 | Q8: Delivered
A9: O1008 | B9: Karan Joshi | C9: Italian | D9: 46269 | E9: 48 | F9: 3 | G9: 610 | H9: Delayed | J9: O1009 | K9: Simran Kaur | L9: Mexican | M9: 46270 | N9: 30 | O9: 4 | P9: 520 | Q9: Delivered
A10: O1009 | B10: Simran Kaur | C10: Mexican | D10: 46270 | E10: 30 | F10: 4 | G10: 520 | H10: Delivered | J10: O1011 | K10: Kavya Mehta | L10: Indian | M10: 46271 | N10: 27 | O10: 5 | P10: 760 | Q10: Delivered
A11: O1010 | B11: Mohit Shah | C11: Fast Food | D11: 46270 | E11: 75 | F11: 2 | G11: 380 | H11: Cancelled | J11: O1012 | K11: Yash Patel | L11: Chinese | M11: 46271 | N11: 35 | O11: 4 | P11: 590 | Q11: Delivered
A12: O1011 | B12: Kavya Mehta | C12: Indian | D12: 46271 | E12: 27 | F12: 5 | G12: 760 | H12: Delivered | J12: O1014 | K12: Dev Kumar | L12: Mexican | M12: 46272 | N12: 29 | O12: 5 | P12: 910 | Q12: Delivered
A13: O1012 | B13: Yash Patel | C13: Chinese | D13: 46271 | E13: 35 | F13: 4 | G13: 590 | H13: Delivered | J13: O1015 | K13: Pooja Singh | L13: Fast Food | M13: 46273 | N13: 44 | O13: 4 | P13: 510 | Q13: Delivered
A14: O1013 | B14: Ishita Sharma | C14: Italian | D14: 46272 | E14: 52 | F14: 3 | G14: 680 | H14: Delayed | J14: O1017 | K14: Meera Patel | L14: Chinese | M14: 46274 | N14: 24 | O14: 5 | P14: 780 | Q14: Delivered
A15: O1014 | B15: Dev Kumar | C15: Mexican | D15: 46272 | E15: 29 | F15: 5 | G15: 910 | H15: Delivered | J15: O1019 | K15: Tanya Joshi | L15: Mexican | M15: 46275 | N15: 31 | O15: 4 | P15: 560 | Q15: Delivered
A16: O1015 | B16: Pooja Singh | C16: Fast Food | D16: 46273 | E16: 44 | F16: 4 | G16: 510 | H16: Delivered | J16: O1021 | K16: Sneha Patel | L16: Indian | M16: 46276 | N16: 26 | O16: 5 | P16: 690 | Q16: Delivered
... A21: O1020 | B21: Vivek Sharma | C21: Fast Food | D21: 46275 | E21: 70 | F21: 2 | G21: 450 | H21: Cancelled | J21: O1029 | K21: Komal Shah | L21: Mexican | M21: 46280 | N21: 34 | O21: 4 | P21: 540 | Q21: Delivered
A22: O1021 | B22: Sneha Patel | C22: Indian | D22: 46276 | E22: 26 | F22: 5 | G22: 690 | H22: Delivered
A23: O1022 | B23: Harsh Shah | C23: Chinese | D23: 46276 | E23: 40 | F23: 4 | G23: 575 | H23: Delivered
A24: O1023 | B24: Divya Mehta | C24: Italian | D24: 46277 | E24: 50 | F24: 3 | G24: 740 | H24: Delayed
A25: O1024 | B25: Nikhil Patel | C25: Mexican | D25: 46277 | E25: 23 | F25: 5 | G25: 880 | H25: Delivered
A26: O1025 | B26: Ayesha Khan | C26: Fast Food | D26: 46278 | E26: 36 | F26: 4 | G26: 525 | H26: Delivered
A27: O1026 | B27: Manav Singh | C27: Indian | D27: 46278 | E27: 62 | F27: 2 | G27: 410 | H27: Delayed
A28: O1027 | B28: Rhea Sharma | C28: Chinese | D28: 46279 | E28: 29 | F28: 5 | G28: 810 | H28: Delivered
A29: O1028 | B29: Varun Patel | C29: Italian | D29: 46279 | E29: 47 | F29: 3 | G29: 600 | H29: Delayed
A30: O1029 | B30: Komal Shah | C30: Mexican | D30: 46280 | E30: 34 | F30: 4 | G30: 540 | H30: Delivered
A31: O1030 | B31: Sahil Mehta | C31: Fast Food | D31: 46280 | E31: 68 | F31: 2 | G31: 395 | H31: Cancelled

Sheet Premium Orders
A1: Status | B1: Revenue(Rs) | C1: Rating
A2: Delivered | B2: >500 | C2: >=4
A4: OrderID | B4: CustomerName | C4: Cuisine | D4: OrderDate | E4: DeliveryTime (minutes) | F4: Rating | G4: Revenue (Rs) | H4: Status
A5: O1001 | B5: Riya Sharma | C5: Indian | D5: 46266 | E5: 28 | F5: 5 | G5: 650 | H5: Delivered
A6: O1004 | B6: Rahul Mehta | C6: Mexican | D6: 46267 | E6: 25 | F6: 5 | G6: 850 | H6: Delivered
A7: O1005 | B7: Priya Shah | C7: Fast Food | D7: 46268 | E7: 38 | F7: 4 | G7: 550 | H7: Delivered
A8: O1007 | B8: Anjali Patel | C8: Chinese | D8: 46269 | E8: 22 | F8: 5 | G8: 920 | H8: Delivered
A9: O1009 | B9: Simran Kaur | C9: Mexican | D9: 46270 | E9: 30 | F9: 4 | G9: 520 | H9: Delivered
A10: O1011 | B10: Kavya Mehta | C10: Indian | D10: 46271 | E10: 27 | F10: 5 | G10: 760 | H10: Delivered
A11: O1012 | B11: Yash Patel | C11: Chinese | D11: 46271 | E11: 35 | F11: 4 | G11: 590 | H11: Delivered
A12: O1014 | B12: Dev Kumar | C12: Mexican | D12: 46272 | E12: 29 | F12: 5 | G12: 910 | H12: Delivered
A13: O1015 | B13: Pooja Singh | C13: Fast Food | D13: 46273 | E13: 44 | F13: 4 | G13: 510 | H13: Delivered
A14: O1017 | B14: Meera Patel | C14: Chinese | D14: 46274 | E14: 24 | F14: 5 | G14: 780 | H14: Delivered
A15: O1019 | B15: Tanya Joshi | C15: Mexican | D15: 46275 | E15: 31 | F15: 4 | G15: 560 | H15: Delivered
A16: O1021 | B16: Sneha Patel | C16: Indian | D16: 46276 | E16: 26 | F16: 5 | G16: 690 | H16: Delivered
... A21: O1029 | B21: Komal Shah | C21: Mexican | D21: 46280 | E21: 34 | F21: 4 | G21: 540 | H21: Delivered

Sheet Restaurants
A1: Restaurant ID | B1: Restaurant Name | C1: Zone | D1: Category | E1: Avg Rating
A2: R001 | B2: Spice Hub | C2: North | D2: Cloud Kitchen | E2: 4.3
A3: R002 | B3: Dragon Bowl | C3: South | D3: QSR | E3: 4.1
A4: R003 | B4: Pasta Point | C4: East | D4: Dine-in | E4: 4.5
A5: R004 | B5: Taco Town | C5: West | D5: QSR | E5: 4
A6: R005 | B6: Curry House | C6: Central | D6: Dine-in | E6: 4.4
A7: R006 | B7: Desi Zaika | C7: North | D7: QSR | E7: 4.2
A8: R007 | B8: China Garden | C8: South | D8: Dine-in | E8: 4
A9: R008 | B9: Italiano | C9: East | D9: Cloud Kitchen | E9: 4.6
A10: R009 | B10: Mexican Grill | C10: West | D10: Dine-in | E10: 4.1
A11: R010 | B11: Food Factory | C11: Central | D11: QSR | E11: 3.9
A12: R011 | B12: Punjabi Tadka | C12: North | D12: Dine-in | E12: 4.5
A13: R012 | B13: Wok Express | C13: South | D13: Cloud Kitchen | E13: 4.2
... A16: R015 | B16: Ahmedabad Bites | C16: Central | D16: Dine-in | E16: 4.4

Sheet Orders Task2
A1: OrderID | B1: RestaurantID | C1: OrderDate | D1: Cuisine | E1: Revenue (Rs) | F1: DeliveryTime | G1: Status | H1: Restaurant Name | I1: Zone | K1: Zone | L1: Average Revenue
A2: O2001 | B2: R001 | C2: 46266 | D2: Indian | E2: 650 | F2: 28 | G2: Delivered | H2: =_xlfn.XLOOKUP(B2,Restaurants!$A$2:$A$16,Restaurants!$B$2:$B$16,"Not Listed") -> Spice Hub | I2: =INDEX(Restaurants!$C$2:$C$16,MATCH(B2,Restaurants!$A$2:$A$16,0)) -> North | K2: North | L2: =AVERAGEIF($I$2:$I$16,K2,$E$2:$E$16) -> 613.33333
A3: O2002 | B3: R002 | C3: 46267 | D3: Chinese | E3: 480 | F3: 42 | G3: Delivered | H3: =_xlfn.XLOOKUP(B3,Restaurants!$A$2:$A$16,Restaurants!$B$2:$B$16,"Not Listed") -> Dragon Bowl | I3: =INDEX(Restaurants!$C$2:$C$16,MATCH(B3,Restaurants!$A$2:$A$16,0)) -> South | K3: South | L3: =AVERAGEIF($I$2:$I$16,K3,$E$2:$E$16) -> 560
A4: O2003 | B4: R003 | C4: 46268 | D4: Italian | E4: 720 | F4: 35 | G4: Delivered | H4: =_xlfn.XLOOKUP(B4,Restaurants!$A$2:$A$16,Restaurants!$B$2:$B$16,"Not Listed") -> Pasta Point | I4: =INDEX(Restaurants!$C$2:$C$16,MATCH(B4,Restaurants!$A$2:$A$16,0)) -> East | K4: East | L4: =AVERAGEIF($I$2:$I$16,K4,$E$2:$E$16) -> 763.33333
A5: O2004 | B5: R004 | C5: 46269 | D5: Mexican | E5: 550 | F5: 48 | G5: Delayed | H5: =_xlfn.XLOOKUP(B5,Restaurants!$A$2:$A$16,Restaurants!$B$2:$B$16,"Not Listed") -> Taco Town | I5: =INDEX(Restaurants!$C$2:$C$16,MATCH(B5,Restaurants!$A$2:$A$16,0)) -> West | K5: West | L5: =AVERAGEIF($I$2:$I$16,K5,$E$2:$E$16) -> 503.33333
A6: O2005 | B6: R005 | C6: 46270 | D6: Indian | E6: 810 | F6: 30 | G6: Delivered | H6: =_xlfn.XLOOKUP(B6,Restaurants!$A$2:$A$16,Restaurants!$B$2:$B$16,"Not Listed") -> Curry House | I6: =INDEX(Restaurants!$C$2:$C$16,MATCH(B6,Restaurants!$A$2:$A$16,0)) -> Central | K6: Central | L6: =AVERAGEIF($I$2:$I$16,K6,$E$2:$E$16) -> 633.33333
A7: O2006 | B7: R006 | C7: 46271 | D7: Indian | E7: 430 | F7: 38 | G7: Delivered | H7: =_xlfn.XLOOKUP(B7,Restaurants!$A$2:$A$16,Restaurants!$B$2:$B$16,"Not Listed") -> Desi Zaika | I7: =INDEX(Restaurants!$C$2:$C$16,MATCH(B7,Restaurants!$A$2:$A$16,0)) -> North
A8: O2007 | B8: R007 | C8: 46272 | D8: Chinese | E8: 620 | F8: 45 | G8: Delivered | H8: =_xlfn.XLOOKUP(B8,Restaurants!$A$2:$A$16,Restaurants!$B$2:$B$16,"Not Listed") -> China Garden | I8: =INDEX(Restaurants!$C$2:$C$16,MATCH(B8,Restaurants!$A$2:$A$16,0)) -> South
A9: O2008 | B9: R008 | C9: 46273 | D9: Italian | E9: 900 | F9: 32 | G9: Delivered | H9: =_xlfn.XLOOKUP(B9,Restaurants!$A$2:$A$16,Restaurants!$B$2:$B$16,"Not Listed") -> Italiano | I9: =INDEX(Restaurants!$C$2:$C$16,MATCH(B9,Restaurants!$A$2:$A$16,0)) -> East
A10: O2009 | B10: R009 | C10: 46274 | D10: Mexican | E10: 510 | F10: 55 | G10: Delayed | H10: =_xlfn.XLOOKUP(B10,Restaurants!$A$2:$A$16,Restaurants!$B$2:$B$16,"Not Listed") -> Mexican Grill | I10: =INDEX(Restaurants!$C$2:$C$16,MATCH(B10,Restaurants!$A$2:$A$16,0)) -> West
A11: O2010 | B11: R010 | C11: 46275 | D11: Fast Food | E11: 390 | F11: 25 | G11: Delivered | H11: =_xlfn.XLOOKUP(B11,Restaurants!$A$2:$A$16,Restaurants!$B$2:$B$16,"Not Listed") -> Food Factory | I11: =INDEX(Restaurants!$C$2:$C$16,MATCH(B11,Restaurants!$A$2:$A$16,0)) -> Central
A12: O2011 | B12: R011 | C12: 46276 | D12: Indian | E12: 760 | F12: 29 | G12: Delivered | H12: =_xlfn.XLOOKUP(B12,Restaurants!$A$2:$A$16,Restaurants!$B$2:$B$16,"Not Listed") -> Punjabi Tadka | I12: =INDEX(Restaurants!$C$2:$C$16,MATCH(B12,Restaurants!$A$2:$A$16,0)) -> North
A13: O2012 | B13: R012 | C13: 46277 | D13: Chinese | E13: 580 | F13: 41 | G13: Delivered | H13: =_xlfn.XLOOKUP(B13,Restaurants!$A$2:$A$16,Restaurants!$B$2:$B$16,"Not Listed") -> Wok Express | I13: =INDEX(Restaurants!$C$2:$C$16,MATCH(B13,Restaurants!$A$2:$A$16,0)) -> South
A14: O2013 | B14: R013 | C14: 46278 | D14: Italian | E14: 670 | F14: 34 | G14: Delivered | H14: =_xlfn.XLOOKUP(B14,Restaurants!$A$2:$A$16,Restaurants!$B$2:$B$16,"Not Listed") -> Pizza Corner | I14: =INDEX(Restaurants!$C$2:$C$16,MATCH(B14,Restaurants!$A$2:$A$16,0)) -> East
A15: O2014 | B15: R014 | C15: 46279 | D15: Mexican | E15: 450 | F15: 50 | G15: Delayed | H15: =_xlfn.XLOOKUP(B15,Restaurants!$A$2:$A$16,Restaurants!$B$2:$B$16,"Not Listed") -> Burrito House | I15: =INDEX(Restaurants!$C$2:$C$16,MATCH(B15,Restaurants!$A$2:$A$16,0)) -> West
A16: O2015 | B16: R015 | C16: 46280 | D16: Indian | E16: 700 | F16: 27 | G16: Delivered | H16: =_xlfn.XLOOKUP(B16,Restaurants!$A$2:$A$16,Restaurants!$B$2:$B$16,"Not Listed") -> Ahmedabad Bites | I16: =INDEX(Restaurants!$C$2:$C$16,MATCH(B16,Restaurants!$A$2:$A$16,0)) -> Central

Sheet Task3 Orders
A1: OrderDate | B1: Cuisine | C1: Zone | D1: Revenue | E1: DeliveryTime | F1: Status | G1: Orders
A2: 46204 | B2: Indian | C2: North | D2: 620 | E2: 28 | F2: Delivered | G2: =1 -> 1
A3: 46205 | B3: Chinese | C3: South | D3: 480 | E3: 42 | F3: Delivered | G3: =1 -> 1
A4: 46206 | B4: Italian | C4: East | D4: 750 | E4: 35 | F4: Delivered | G4: =1 -> 1
A5: 46207 | B5: Mexican | C5: West | D5: 540 | E5: 48 | F5: Delayed | G5: =1 -> 1
A6: 46208 | B6: Fast Food | C6: Central | D6: 390 | E6: 25 | F6: Delivered | G6: =1 -> 1
A7: 46209 | B7: Indian | C7: South | D7: 680 | E7: 31 | F7: Delivered | G7: =1 -> 1
A8: 46210 | B8: Chinese | C8: East | D8: 520 | E8: 44 | F8: Delivered | G8: =1 -> 1
A9: 46211 | B9: Italian | C9: North | D9: 810 | E9: 29 | F9: Delivered | G9: =1 -> 1
A10: 46212 | B10: Mexican | C10: Central | D10: 460 | E10: 51 | F10: Delayed | G10: =1 -> 1
A11: 46213 | B11: Fast Food | C11: West | D11: 420 | E11: 37 | F11: Delivered | G11: =1 -> 1
A12: 46214 | B12: Indian | C12: East | D12: 700 | E12: 33 | F12: Delivered | G12: =1 -> 1
A13: 46215 | B13: Chinese | C13: North | D13: 560 | E13: 39 | F13: Delivered | G13: =1 -> 1
... A51: 46280 | B51: Fast Food | C51: West | D51: 450 | E51: 29 | F51: Delivered | G51: =1 -> 1

Sheet Pivot Table-1
A1: Status | B1: (All)
B3: Column Labels
B4: Central | D4: East | F4: North | H4: South | J4: West | L4: Total Sum of Revenue | M4: Total Sum of AvgRevenuePerOrder
A5: Row Labels | B5: Sum of Revenue | C5: Sum of AvgRevenuePerOrder | D5: Sum of Revenue | E5: Sum of AvgRevenuePerOrder | F5: Sum of Revenue | G5: Sum of AvgRevenuePerOrder | H5: Sum of Revenue | I5: Sum of AvgRevenuePerOrder | J5: Sum of Revenue | K5: Sum of AvgRevenuePerOrder
A6: Chinese | C6: #DIV/0! | D6: 1590 | E6: 530 | F6: 1670 | G6: 556.66667 | H6: 2190 | I6: 547.5 | K6: #DIV/0! | L6: 5450 | M6: 545
A7: Fast Food | B7: 1980 | C7: 396 | E7: #DIV/0! | G7: #DIV/0! | I7: #DIV/0! | J7: 2060 | K7: 412 | L7: 4040 | M7: 404
A8: Indian | C8: #DIV/0! | D8: 2060 | E8: 686.66667 | F8: 2750 | G8: 687.5 | H8: 2090 | I8: 696.66667 | K8: #DIV/0! | L8: 6900 | M8: 690
A9: Italian | C9: #DIV/0! | D9: 3170 | E9: 792.5 | F9: 2560 | G9: 853.33333 | H9: 2740 | I9: 913.33333 | K9: #DIV/0! | L9: 8470 | M9: 847
A10: Mexican | B10: 2545 | C10: 509 | E10: #DIV/0! | G10: #DIV/0! | I10: #DIV/0! | J10: 2900 | K10: 580 | L10: 5445 | M10: 544.5
A11: Grand Total | B11: 4525 | C11: 452.5 | D11: 6820 | E11: 682 | F11: 6980 | G11: 698 | H11: 7020 | I11: 702 | J11: 4960 | K11: 496 | L11: 30305 | M11: 606.1

Sheet Pivot Table-2
A3: Row Labels | B3: Count of OrderDate
A4: Qtr3 | B4: 50
A5: Jul | B5: 20
A6: Aug | B6: 15
A7: Sep | B7: 15
A8: Grand Total | B8: 50

Sheet Task4_Data
A1: OrderID | B1: DeliveryTime | C1: Revenue | D1: Rating | E1: Outlier Flag | F1: Correlation | I1: OrderDate | J1: Cuisine | K1: Zone | L1: Revenue | M1: DeliveryTime | N1: Status
A2: ='Task3 Orders'!A2 -> 46204 | B2: ='Task3 Orders'!E2 -> 28 | C2: ='Task3 Orders'!D2 -> 620 | D2: 4 | E2: =IF(OR(B2<'Stats Summary'!$B$12,B2>'Stats Summary'!$B$13),"Yes","No") -> No | F2: =CORREL(B2:B51,C2:C51) -> -0.1582505 | I2: 46204 | J2: Indian | K2: North | L2: 620 | M2: 28 | N2: Delivered
A3: ='Task3 Orders'!A3 -> 46205 | B3: ='Task3 Orders'!E3 -> 42 | C3: ='Task3 Orders'!D3 -> 480 | D3: 4 | E3: =IF(OR(B3<'Stats Summary'!$B$12,B3>'Stats Summary'!$B$13),"Yes","No") -> No | F3: =CORREL(B2:B51,D2:D51) -> -0.651955 | I3: 46205 | J3: Chinese | K3: South | L3: 480 | M3: 42 | N3: Delivered
A4: ='Task3 Orders'!A4 -> 46206 | B4: ='Task3 Orders'!E4 -> 35 | C4: ='Task3 Orders'!D4 -> 750 | D4: 5 | E4: =IF(OR(B4<'Stats Summary'!$B$12,B4>'Stats Summary'!$B$13),"Yes","No") -> No | F4: =CORREL(C2:C51,D2:D51) -> 0.44255686 | I4: 46206 | J4: Italian | K4: East | L4: 750 | M4: 35 | N4: Delivered
A5: ='Task3 Orders'!A5 -> 46207 | B5: ='Task3 Orders'!E5 -> 48 | C5: ='Task3 Orders'!D5 -> 540 | D5: 3 | E5: =IF(OR(B5<'Stats Summary'!$B$12,B5>'Stats Summary'!$B$13),"Yes","No") -> No | I5: 46207 | J5: Mexican | K5: West | L5: 540 | M5: 48 | N5: Delayed
A6: ='Task3 Orders'!A6 -> 46208 | B6: ='Task3 Orders'!E6 -> 25 | C6: ='Task3 Orders'!D6 -> 390 | D6: 4 | E6: =IF(OR(B6<'Stats Summary'!$B$12,B6>'Stats Summary'!$B$13),"Yes","No") -> No | I6: 46208 | J6: Fast Food | K6: Central | L6: 390 | M6: 25 | N6: Delivered
A7: ='Task3 Orders'!A7 -> 46209 | B7: ='Task3 Orders'!E7 -> 31 | C7: ='Task3 Orders'!D7 -> 680 | D7: 5 | E7: =IF(OR(B7<'Stats Summary'!$B$12,B7>'Stats Summary'!$B$13),"Yes","No") -> No | I7: 46209 | J7: Indian | K7: South | L7: 680 | M7: 31 | N7: Delivered
A8: ='Task3 Orders'!A8 -> 46210 | B8: ='Task3 Orders'!E8 -> 44 | C8: ='Task3 Orders'!D8 -> 520 | D8: 4 | E8: =IF(OR(B8<'Stats Summary'!$B$12,B8>'Stats Summary'!$B$13),"Yes","No") -> No | I8: 46210 | J8: Chinese | K8: East | L8: 520 | M8: 44 | N8: Delivered
A9: ='Task3 Orders'!A9 -> 46211 | B9: ='Task3 Orders'!E9 -> 29 | C9: ='Task3 Orders'!D9 -> 810 | D9: 5 | E9: =IF(OR(B9<'Stats Summary'!$B$12,B9>'Stats Summary'!$B$13),"Yes","No") -> No | I9: 46211 | J9: Italian | K9: North | L9: 810 | M9: 29 | N9: Delivered
A10: ='Task3 Orders'!A10 -> 46212 | B10: ='Task3 Orders'!E10 -> 51 | C10: ='Task3 Orders'!D10 -> 460 | D10: 3 | E10: =IF(OR(B10<'Stats Summary'!$B$12,B10>'Stats Summary'!$B$13),"Yes","No") -> No | I10: 46212 | J10: Mexican | K10: Central | L10: 460 | M10: 51 | N10: Delayed
A11: ='Task3 Orders'!A11 -> 46213 | B11: ='Task3 Orders'!E11 -> 37 | C11: ='Task3 Orders'!D11 -> 420 | D11: 4 | E11: =IF(OR(B11<'Stats Summary'!$B$12,B11>'Stats Summary'!$B$13),"Yes","No") -> No | I11: 46213 | J11: Fast Food | K11: West | L11: 420 | M11: 37 | N11: Delivered
A12: ='Task3 Orders'!A12 -> 46214 | B12: ='Task3 Orders'!E12 -> 33 | C12: ='Task3 Orders'!D12 -> 700 | D12: 5 | E12: =IF(OR(B12<'Stats Summary'!$B$12,B12>'Stats Summary'!$B$13),"Yes","No") -> No | I12: 46214 | J12: Indian | K12: East | L12: 700 | M12: 33 | N12: Delivered
A13: ='Task3 Orders'!A13 -> 46215 | B13: ='Task3 Orders'!E13 -> 39 | C13: ='Task3 Orders'!D13 -> 560 | D13: 4 | E13: =IF(OR(B13<'Stats Summary'!$B$12,B13>'Stats Summary'!$B$13),"Yes","No") -> No | I13: 46215 | J13: Chinese | K13: North | L13: 560 | M13: 39 | N13: Delivered
A14: ='Task3 Orders'!A14 -> 46216 | B14: ='Task3 Orders'!E14 -> 30 | C14: ='Task3 Orders'!D14 -> 920 | D14: 5 | E14: =IF(OR(B14<'Stats Summary'!$B$12,B14>'Stats Summary'!$B$13),"Yes","No") -> No | I14: 46216 | J14: Italian | K14: South | L14: 920 | M14: 30 | N14: Delivered
A15: ='Task3 Orders'!A15 -> 46217 | B15: ='Task3 Orders'!E15 -> 46 | C15: ='Task3 Orders'!D15 -> 510 | D15: 3 | E15: =IF(OR(B15<'Stats Summary'!$B$12,B15>'Stats Summary'!$B$13),"Yes","No") -> No | I15: 46217 | J15: Mexican | K15: Central | L15: 510 | M15: 46 | N15: Delayed
A16: ='Task3 Orders'!A16 -> 46218 | B16: ='Task3 Orders'!E16 -> 27 | C16: ='Task3 Orders'!D16 -> 350 | D16: 4 | E16: =IF(OR(B16<'Stats Summary'!$B$12,B16>'Stats Summary'!$B$13),"Yes","No") -> No | I16: 46218 | J16: Fast Food | K16: West | L16: 350 | M16: 27 | N16: Delivered
... A51: ='Task3 Orders'!A51 -> 46280 | B51: ='Task3 Orders'!E51 -> 29 | C51: ='Task3 Orders'!D51 -> 450 | D51: 4 | E51: =IF(OR(B51<'Stats Summary'!$B$12,B51>'Stats Summary'!$B$13),"Yes","No") -> No | I51: 46280 | J51: Fast Food | K51: West | L51: 450 | M51: 29 | N51: Delivered

Sheet Stats Summary
A1: Statistic | B1: Value
A2: Average | B2: =AVERAGE(Task4_Data!B2:B51) -> 37
A3: Median | B3: =MEDIAN(Task4_Data!B2:B51) -> 35
A4: Mode | B4: =_xlfn.MODE.SNGL(Task4_Data!B2:B51) -> 31
A5: Standard Deviation | B5: =_xlfn.STDEV.S(Task4_Data!B2:B51) -> 8.2906389
A6: Variance | B6: =_xlfn.VAR.S(Task4_Data!B2:B51) -> 68.734694
A7: Minimum | B7: =MIN(Task4_Data!B2:B51) -> 25
A8: Maximum | B8: =MAX(Task4_Data!B2:B51) -> 54
A9: Q1 | B9: =_xlfn.QUARTILE.INC(Task4_Data!B2:B51,1) -> 30
A10: Q3 | B10: =_xlfn.QUARTILE.INC(Task4_Data!B2:B51,3) -> 43.75
A11: IQR | B11: =B10-B9 -> 13.75
A12: Lower Bound | B12: =B9-(1.5*B11) -> 9.375
A13: Upper Bound | B13: =B10+(1.5*B11) -> 64.375

Sheet Orders
A1: OrderID | B1: RestaurantID | C1: Cuisine | D1: Zone | E1: OrderDate | F1: DeliveryTime | G1: Rating | H1: Revenue | I1: Status | J1: Restaurant Name | K1: Categories
A2: O3001 | B2: R001 | C2: Indian | D2: North | E2: 46204 | F2: 32 | G2: 4 | H2: 620 | I2: Delivered | J2: =_xlfn.XLOOKUP(B2,Restaurants!$A$2:$A$16,Restaurants!$B$2:$B$16,"Unknown") -> Spice Hub | K2: =_xlfn.XLOOKUP(B2,Restaurants!$A$2:$A$16,Restaurants!$D$2:$D$16,"Unknown") -> Cloud Kitchen
A3: O3002 | B3: R002 | C3: Chinese | D3: South | E3: 46205 | F3: 41 | G3: 4 | H3: 480 | I3: Delivered | J3: =_xlfn.XLOOKUP(B3,Restaurants!$A$2:$A$16,Restaurants!$B$2:$B$16,"Unknown") -> Dragon Bowl | K3: =_xlfn.XLOOKUP(B3,Restaurants!$A$2:$A$16,Restaurants!$D$2:$D$16,"Unknown") -> QSR
A4: O3003 | B4: R003 | C4: Italian | D4: East | E4: 46206 | F4: 28 | G4: 5 | H4: 750 | I4: Delivered | J4: =_xlfn.XLOOKUP(B4,Restaurants!$A$2:$A$16,Restaurants!$B$2:$B$16,"Unknown") -> Pasta Point | K4: =_xlfn.XLOOKUP(B4,Restaurants!$A$2:$A$16,Restaurants!$D$2:$D$16,"Unknown") -> Dine-in
A5: O3004 | B5: R004 | C5: Mexican | D5: West | E5: 46207 | F5: 52 | G5: 3 | H5: 390 | I5: Delayed | J5: =_xlfn.XLOOKUP(B5,Restaurants!$A$2:$A$16,Restaurants!$B$2:$B$16,"Unknown") -> Taco Town | K5: =_xlfn.XLOOKUP(B5,Restaurants!$A$2:$A$16,Restaurants!$D$2:$D$16,"Unknown") -> QSR
A6: O3005 | B6: R005 | C6: Fast Food | D6: Central | E6: 46208 | F6: 35 | G6: 4 | H6: 540 | I6: Delivered | J6: =_xlfn.XLOOKUP(B6,Restaurants!$A$2:$A$16,Restaurants!$B$2:$B$16,"Unknown") -> Curry House | K6: =_xlfn.XLOOKUP(B6,Restaurants!$A$2:$A$16,Restaurants!$D$2:$D$16,"Unknown") -> Dine-in
A7: O3006 | B7: R006 | C7: Indian | D7: North | E7: 46209 | F7: 29 | G7: 5 | H7: 680 | I7: Delivered | J7: =_xlfn.XLOOKUP(B7,Restaurants!$A$2:$A$16,Restaurants!$B$2:$B$16,"Unknown") -> Desi Zaika | K7: =_xlfn.XLOOKUP(B7,Restaurants!$A$2:$A$16,Restaurants!$D$2:$D$16,"Unknown") -> QSR
A8: O3007 | B8: R007 | C8: Chinese | D8: South | E8: 46210 | F8: 46 | G8: 3 | H8: 430 | I8: Delayed | J8: =_xlfn.XLOOKUP(B8,Restaurants!$A$2:$A$16,Restaurants!$B$2:$B$16,"Unknown") -> China Garden | K8: =_xlfn.XLOOKUP(B8,Restaurants!$A$2:$A$16,Restaurants!$D$2:$D$16,"Unknown") -> Dine-in
A9: O3008 | B9: R008 | C9: Italian | D9: East | E9: 46211 | F9: 31 | G9: 4 | H9: 720 | I9: Delivered | J9: =_xlfn.XLOOKUP(B9,Restaurants!$A$2:$A$16,Restaurants!$B$2:$B$16,"Unknown") -> Italiano | K9: =_xlfn.XLOOKUP(B9,Restaurants!$A$2:$A$16,Restaurants!$D$2:$D$16,"Unknown") -> Cloud Kitchen
A10: O3009 | B10: R009 | C10: Mexican | D10: West | E10: 46212 | F10: 38 | G10: 4 | H10: 460 | I10: Delivered | J10: =_xlfn.XLOOKUP(B10,Restaurants!$A$2:$A$16,Restaurants!$B$2:$B$16,"Unknown") -> Mexican Grill | K10: =_xlfn.XLOOKUP(B10,Restaurants!$A$2:$A$16,Restaurants!$D$2:$D$16,"Unknown") -> Dine-in
A11: O3010 | B11: R010 | C11: Fast Food | D11: Central | E11: 46213 | F11: 44 | G11: 3 | H11: 510 | I11: Delayed | J11: =_xlfn.XLOOKUP(B11,Restaurants!$A$2:$A$16,Restaurants!$B$2:$B$16,"Unknown") -> Food Factory | K11: =_xlfn.XLOOKUP(B11,Restaurants!$A$2:$A$16,Restaurants!$D$2:$D$16,"Unknown") -> QSR
A12: O3011 | B12: R011 | C12: Indian | D12: North | E12: 46214 | F12: 27 | G12: 5 | H12: 810 | I12: Delivered | J12: =_xlfn.XLOOKUP(B12,Restaurants!$A$2:$A$16,Restaurants!$B$2:$B$16,"Unknown") -> Punjabi Tadka | K12: =_xlfn.XLOOKUP(B12,Restaurants!$A$2:$A$16,Restaurants!$D$2:$D$16,"Unknown") -> Dine-in
A13: O3012 | B13: R012 | C13: Chinese | D13: South | E13: 46215 | F13: 39 | G13: 4 | H13: 495 | I13: Delivered | J13: =_xlfn.XLOOKUP(B13,Restaurants!$A$2:$A$16,Restaurants!$B$2:$B$16,"Unknown") -> Wok Express | K13: =_xlfn.XLOOKUP(B13,Restaurants!$A$2:$A$16,Restaurants!$D$2:$D$16,"Unknown") -> Cloud Kitchen
... A121: O3120 | B121: R015 | C121: Fast Food | D121: Central | E121: 46325 | F121: 36 | G121: 4 | H121: 555 | I121: Delivered | J121: =_xlfn.XLOOKUP(B121,Restaurants!$A$2:$A$16,Restaurants!$B$2:$B$16,"Unknown") -> Ahmedabad Bites | K121: =_xlfn.XLOOKUP(B121,Restaurants!$A$2:$A$16,Restaurants!$D$2:$D$16,"Unknown") -> Dine-in

Sheet Zone stats
A1: Zone | B1: Mean Delivery Time | C1: Median DeliveryTime | D1: Std Dev DeliveryTime | E1: Mean Revenue | F1: Delivery Flag
A2: North | B2: =AVERAGEIF(Orders!$D$2:$D$121,A2,Orders!$F$2:$F$121) -> 30.5 | C2: {=MEDIAN(_xlfn._xlws.FILTER(Orders!$F$2:$F$121,Orders!$D$2:$D$121=A2))} -> 30.5 | D2: {=_xlfn.STDEV.S(_xlfn._xlws.FILTER(Orders!$F$2:$F$121,Orders!$D$2:$D$121=A2))} -> 2.6539552 | E2: =AVERAGEIF(Orders!$D$2:$D$121,A2,Orders!$H$2:$H$121) -> 677.70833 | F2: =IF(B2>MEDIAN(Orders!$F$2:$F$121),"Above Median","Normal") -> Normal
A3: South | B3: =AVERAGEIF(Orders!$D$2:$D$121,A3,Orders!$F$2:$F$121) -> 43.375 | C3: {=MEDIAN(_xlfn._xlws.FILTER(Orders!$F$2:$F$121,Orders!$D$2:$D$121=A3))} -> 43.5 | D3: {=_xlfn.STDEV.S(_xlfn._xlws.FILTER(Orders!$F$2:$F$121,Orders!$D$2:$D$121=A3))} -> 3.6926778 | E3: =AVERAGEIF(Orders!$D$2:$D$121,A3,Orders!$H$2:$H$121) -> 458.95833 | F3: =IF(B3>MEDIAN(Orders!$F$2:$F$121),"Above Median","Normal") -> Above Median
A4: East | B4: =AVERAGEIF(Orders!$D$2:$D$121,A4,Orders!$F$2:$F$121) -> 29.25 | C4: {=MEDIAN(_xlfn._xlws.FILTER(Orders!$F$2:$F$121,Orders!$D$2:$D$121=A4))} -> 29 | D4: {=_xlfn.STDEV.S(_xlfn._xlws.FILTER(Orders!$F$2:$F$121,Orders!$D$2:$D$121=A4))} -> 2.3078317 | E4: =AVERAGEIF(Orders!$D$2:$D$121,A4,Orders!$H$2:$H$121) -> 766.04167 | F4: =IF(B4>MEDIAN(Orders!$F$2:$F$121),"Above Median","Normal") -> Normal
A5: West | B5: =AVERAGEIF(Orders!$D$2:$D$121,A5,Orders!$F$2:$F$121) -> 43.375 | C5: {=MEDIAN(_xlfn._xlws.FILTER(Orders!$F$2:$F$121,Orders!$D$2:$D$121=A5))} -> 41.5 | D5: {=_xlfn.STDEV.S(_xlfn._xlws.FILTER(Orders!$F$2:$F$121,Orders!$D$2:$D$121=A5))} -> 4.9940182 | E5: =AVERAGEIF(Orders!$D$2:$D$121,A5,Orders!$H$2:$H$121) -> 434.79167 | F5: =IF(B5>MEDIAN(Orders!$F$2:$F$121),"Above Median","Normal") -> Above Median
A6: Central | B6: =AVERAGEIF(Orders!$D$2:$D$121,A6,Orders!$F$2:$F$121) -> 37.458333 | C6: {=MEDIAN(_xlfn._xlws.FILTER(Orders!$F$2:$F$121,Orders!$D$2:$D$121=A6))} -> 36 | D6: {=_xlfn.STDEV.S(_xlfn._xlws.FILTER(Orders!$F$2:$F$121,Orders!$D$2:$D$121=A6))} -> 4.7363457 | E6: =AVERAGEIF(Orders!$D$2:$D$121,A6,Orders!$H$2:$H$121) -> 540.20833 | F6: =IF(B6>MEDIAN(Orders!$F$2:$F$121),"Above Median","Normal") -> Above Median

Sheet Sheet13
A3: Sum of Revenue | B3: Column Labels
A4: Row Labels | B4: Central | C4: East | D4: North | E4: South | F4: West | G4: Grand Total
A5: Chinese | E5: 11015 | G5: 11015
A6: Fast Food | B6: 12965 | G6: 12965
A7: Indian | D7: 16265 | G7: 16265
A8: Italian | C8: 18385 | G8: 18385
A9: Mexican | F9: 10435 | G9: 10435
A10: Grand Total | B10: 12965 | C10: 18385 | D10: 16265 | E10: 11015 | F10: 10435 | G10: 69065

Sheet Sheet14
A3: Row Labels | B3: Count of OrderID
A4: Jul | B4: 30
A5: Aug | B5: 30
A6: Sep | B6: 30
A7: Oct | B7: 30
A8: Grand Total | B8: 120

Sheet Dashboard
A1: Total Revenue | C1: Average Rating | E1: On-Time Delivery %
A2: =SUM(Orders!$H$2:$H$121) -> 69065 | C2: =AVERAGE(Orders!$G$2:$G$121) -> 4.1 | E2: =COUNTIFS(Orders!$I$2:$I$121,"Delivered",Orders!$F$2:$F$121,"<=40")/COUNTA(Orders!$A$2:$A$121) -> 0.68333333
